<?xml version="1.0" encoding="utf-8"?>
<annotation>
<folder>images</folder>
<filename>09b239cd-half-old-apple-bitten-photographed-260nw-763973101.png</filename>
<source>
<database>MyDatabase</database>
<annotation>COCO2017</annotation>
<image>flickr</image>
<flickrid>NULL</flickrid>
<annotator>1</annotator>
</source>
<owner>
<flickrid>NULL</flickrid>
<name>Label Studio</name>
</owner>
<size>
<width>390</width>
<height>280</height>
<depth>3</depth>
</size>
<segmented>0</segmented>
<object>
<name>Rotten</name>
<pose>Unspecified</pose>
<truncated>0</truncated>
<difficult>0</difficult>
<bndbox>
<xmin>63</xmin>
<ymin>18</ymin>
<xmax>347</xmax>
<ymax>229</ymax>
</bndbox>
</object>
</annotation>
