<?xml version="1.0" encoding="utf-8"?>
<annotation>
<folder>images</folder>
<filename>16d33def-360_F_359819630_mv4cB5eBKzj0FQDWCxBAtiY6STPqehfH.jpg</filename>
<source>
<database>MyDatabase</database>
<annotation>COCO2017</annotation>
<image>flickr</image>
<flickrid>NULL</flickrid>
<annotator>1</annotator>
</source>
<owner>
<flickrid>NULL</flickrid>
<name>Label Studio</name>
</owner>
<size>
<width>542</width>
<height>360</height>
<depth>3</depth>
</size>
<segmented>0</segmented>
<object>
<name>Rotten</name>
<pose>Unspecified</pose>
<truncated>0</truncated>
<difficult>0</difficult>
<bndbox>
<xmin>58</xmin>
<ymin>13</ymin>
<xmax>445</xmax>
<ymax>355</ymax>
</bndbox>
</object>
</annotation>
