<?xml version="1.0" encoding="utf-8"?>
<annotation>
<folder>images</folder>
<filename>17f58d3c-download.jpeg</filename>
<source>
<database>MyDatabase</database>
<annotation>COCO2017</annotation>
<image>flickr</image>
<flickrid>NULL</flickrid>
<annotator>1</annotator>
</source>
<owner>
<flickrid>NULL</flickrid>
<name>Label Studio</name>
</owner>
<size>
<width>245</width>
<height>206</height>
<depth>3</depth>
</size>
<segmented>0</segmented>
<object>
<name>Fresh</name>
<pose>Unspecified</pose>
<truncated>0</truncated>
<difficult>0</difficult>
<bndbox>
<xmin>56</xmin>
<ymin>21</ymin>
<xmax>188</xmax>
<ymax>167</ymax>
</bndbox>
</object>
</annotation>
