<?xml version="1.0" encoding="utf-8"?>
<annotation>
<folder>images</folder>
<filename>2ce128ab-istockphoto-1151389908-612x612.jpg</filename>
<source>
<database>MyDatabase</database>
<annotation>COCO2017</annotation>
<image>flickr</image>
<flickrid>NULL</flickrid>
<annotator>1</annotator>
</source>
<owner>
<flickrid>NULL</flickrid>
<name>Label Studio</name>
</owner>
<size>
<width>612</width>
<height>408</height>
<depth>3</depth>
</size>
<segmented>0</segmented>
<object>
<name>Rotten</name>
<pose>Unspecified</pose>
<truncated>0</truncated>
<difficult>0</difficult>
<bndbox>
<xmin>492</xmin>
<ymin>155</ymin>
<xmax>604</xmax>
<ymax>309</ymax>
</bndbox>
</object>
<object>
<name>Rotten</name>
<pose>Unspecified</pose>
<truncated>0</truncated>
<difficult>0</difficult>
<bndbox>
<xmin>348</xmin>
<ymin>159</ymin>
<xmax>493</xmax>
<ymax>306</ymax>
</bndbox>
</object>
<object>
<name>Rotten</name>
<pose>Unspecified</pose>
<truncated>0</truncated>
<difficult>0</difficult>
<bndbox>
<xmin>186</xmin>
<ymin>127</ymin>
<xmax>356</xmax>
<ymax>298</ymax>
</bndbox>
</object>
<object>
<name>Fresh</name>
<pose>Unspecified</pose>
<truncated>0</truncated>
<difficult>0</difficult>
<bndbox>
<xmin>11</xmin>
<ymin>135</ymin>
<xmax>190</xmax>
<ymax>303</ymax>
</bndbox>
</object>
</annotation>
