<?xml version="1.0" encoding="utf-8"?>
<annotation>
<folder>images</folder>
<filename>2fd579b1-rottenapple_435795946.jpg</filename>
<source>
<database>MyDatabase</database>
<annotation>COCO2017</annotation>
<image>flickr</image>
<flickrid>NULL</flickrid>
<annotator>1</annotator>
</source>
<owner>
<flickrid>NULL</flickrid>
<name>Label Studio</name>
</owner>
<size>
<width>982</width>
<height>1000</height>
<depth>3</depth>
</size>
<segmented>0</segmented>
<object>
<name>Rotten</name>
<pose>Unspecified</pose>
<truncated>0</truncated>
<difficult>0</difficult>
<bndbox>
<xmin>77</xmin>
<ymin>140</ymin>
<xmax>859</xmax>
<ymax>850</ymax>
</bndbox>
</object>
</annotation>
