<?xml version="1.0" encoding="utf-8"?>
<annotation>
<folder>images</folder>
<filename>4b371069-wrinkled-fresh-apple-isolated-on-260nw-243838228.png</filename>
<source>
<database>MyDatabase</database>
<annotation>COCO2017</annotation>
<image>flickr</image>
<flickrid>NULL</flickrid>
<annotator>1</annotator>
</source>
<owner>
<flickrid>NULL</flickrid>
<name>Label Studio</name>
</owner>
<size>
<width>419</width>
<height>280</height>
<depth>3</depth>
</size>
<segmented>0</segmented>
<object>
<name>Fresh</name>
<pose>Unspecified</pose>
<truncated>0</truncated>
<difficult>0</difficult>
<bndbox>
<xmin>7</xmin>
<ymin>45</ymin>
<xmax>210</xmax>
<ymax>238</ymax>
</bndbox>
</object>
<object>
<name>Rotten</name>
<pose>Unspecified</pose>
<truncated>0</truncated>
<difficult>0</difficult>
<bndbox>
<xmin>220</xmin>
<ymin>44</ymin>
<xmax>401</xmax>
<ymax>230</ymax>
</bndbox>
</object>
</annotation>
