<?xml version="1.0" encoding="utf-8"?>
<annotation>
<folder>images</folder>
<filename>55fc0f87-agriculture-apple-apples-closeup-color-delicious-diet-food-fresh-fres_UaAvZxE.jpg</filename>
<source>
<database>MyDatabase</database>
<annotation>COCO2017</annotation>
<image>flickr</image>
<flickrid>NULL</flickrid>
<annotator>1</annotator>
</source>
<owner>
<flickrid>NULL</flickrid>
<name>Label Studio</name>
</owner>
<size>
<width>800</width>
<height>533</height>
<depth>3</depth>
</size>
<segmented>0</segmented>
<object>
<name>Rotten</name>
<pose>Unspecified</pose>
<truncated>0</truncated>
<difficult>0</difficult>
<bndbox>
<xmin>14</xmin>
<ymin>191</ymin>
<xmax>271</xmax>
<ymax>441</ymax>
</bndbox>
</object>
<object>
<name>Rotten</name>
<pose>Unspecified</pose>
<truncated>0</truncated>
<difficult>0</difficult>
<bndbox>
<xmin>259</xmin>
<ymin>203</ymin>
<xmax>512</xmax>
<ymax>442</ymax>
</bndbox>
</object>
<object>
<name>Rotten</name>
<pose>Unspecified</pose>
<truncated>0</truncated>
<difficult>0</difficult>
<bndbox>
<xmin>510</xmin>
<ymin>191</ymin>
<xmax>750</xmax>
<ymax>445</ymax>
</bndbox>
</object>
</annotation>
