<?xml version="1.0" encoding="utf-8"?>
<annotation>
<folder>images</folder>
<filename>59ba34e2-basket-rotten-apples-C7M2XF.jpg</filename>
<source>
<database>MyDatabase</database>
<annotation>COCO2017</annotation>
<image>flickr</image>
<flickrid>NULL</flickrid>
<annotator>1</annotator>
</source>
<owner>
<flickrid>NULL</flickrid>
<name>Label Studio</name>
</owner>
<size>
<width>1300</width>
<height>956</height>
<depth>3</depth>
</size>
<segmented>0</segmented>
<object>
<name>Fresh</name>
<pose>Unspecified</pose>
<truncated>0</truncated>
<difficult>0</difficult>
<bndbox>
<xmin>872</xmin>
<ymin>245</ymin>
<xmax>1179</xmax>
<ymax>528</ymax>
</bndbox>
</object>
<object>
<name>Rotten</name>
<pose>Unspecified</pose>
<truncated>0</truncated>
<difficult>0</difficult>
<bndbox>
<xmin>586</xmin>
<ymin>321</ymin>
<xmax>881</xmax>
<ymax>604</ymax>
</bndbox>
</object>
<object>
<name>Rotten</name>
<pose>Unspecified</pose>
<truncated>0</truncated>
<difficult>0</difficult>
<bndbox>
<xmin>339</xmin>
<ymin>315</ymin>
<xmax>588</xmax>
<ymax>551</ymax>
</bndbox>
</object>
<object>
<name>Fresh</name>
<pose>Unspecified</pose>
<truncated>0</truncated>
<difficult>0</difficult>
<bndbox>
<xmin>731</xmin>
<ymin>102</ymin>
<xmax>992</xmax>
<ymax>361</ymax>
</bndbox>
</object>
<object>
<name>Fresh</name>
<pose>Unspecified</pose>
<truncated>0</truncated>
<difficult>0</difficult>
<bndbox>
<xmin>349</xmin>
<ymin>144</ymin>
<xmax>634</xmax>
<ymax>409</ymax>
</bndbox>
</object>
</annotation>
