<?xml version="1.0" encoding="utf-8"?>
<annotation>
<folder>images</folder>
<filename>6112a6e8-green-apple.jpg</filename>
<source>
<database>MyDatabase</database>
<annotation>COCO2017</annotation>
<image>flickr</image>
<flickrid>NULL</flickrid>
<annotator>1</annotator>
</source>
<owner>
<flickrid>NULL</flickrid>
<name>Label Studio</name>
</owner>
<size>
<width>2048</width>
<height>2048</height>
<depth>3</depth>
</size>
<segmented>0</segmented>
<object>
<name>Fresh</name>
<pose>Unspecified</pose>
<truncated>0</truncated>
<difficult>0</difficult>
<bndbox>
<xmin>296</xmin>
<ymin>434</ymin>
<xmax>1784</xmax>
<ymax>1888</ymax>
</bndbox>
</object>
</annotation>
