<?xml version="1.0" encoding="utf-8"?>
<annotation>
<folder>images</folder>
<filename>777d555f-depositphotos_8856727-stock-photo-rotten-apple-and-fresh-apple.jpg</filename>
<source>
<database>MyDatabase</database>
<annotation>COCO2017</annotation>
<image>flickr</image>
<flickrid>NULL</flickrid>
<annotator>1</annotator>
</source>
<owner>
<flickrid>NULL</flickrid>
<name>Label Studio</name>
</owner>
<size>
<width>600</width>
<height>400</height>
<depth>3</depth>
</size>
<segmented>0</segmented>
<object>
<name>Rotten</name>
<pose>Unspecified</pose>
<truncated>0</truncated>
<difficult>0</difficult>
<bndbox>
<xmin>48</xmin>
<ymin>121</ymin>
<xmax>274</xmax>
<ymax>326</ymax>
</bndbox>
</object>
<object>
<name>Fresh</name>
<pose>Unspecified</pose>
<truncated>0</truncated>
<difficult>0</difficult>
<bndbox>
<xmin>348</xmin>
<ymin>95</ymin>
<xmax>586</xmax>
<ymax>331</ymax>
</bndbox>
</object>
</annotation>
