<?xml version="1.0" encoding="utf-8"?>
<annotation>
<folder>images</folder>
<filename>8c396694-ripe-rotten-apple-24312270.jpg</filename>
<source>
<database>MyDatabase</database>
<annotation>COCO2017</annotation>
<image>flickr</image>
<flickrid>NULL</flickrid>
<annotator>1</annotator>
</source>
<owner>
<flickrid>NULL</flickrid>
<name>Label Studio</name>
</owner>
<size>
<width>1300</width>
<height>957</height>
<depth>3</depth>
</size>
<segmented>0</segmented>
<object>
<name>Rotten</name>
<pose>Unspecified</pose>
<truncated>0</truncated>
<difficult>0</difficult>
<bndbox>
<xmin>677</xmin>
<ymin>199</ymin>
<xmax>1289</xmax>
<ymax>782</ymax>
</bndbox>
</object>
<object>
<name>Fresh</name>
<pose>Unspecified</pose>
<truncated>0</truncated>
<difficult>0</difficult>
<bndbox>
<xmin>18</xmin>
<ymin>118</ymin>
<xmax>673</xmax>
<ymax>741</ymax>
</bndbox>
</object>
</annotation>
