<?xml version="1.0" encoding="utf-8"?>
<annotation>
<folder>images</folder>
<filename>9211046d-rotten-apple-isolated-on-black-260nw-1936327780.png</filename>
<source>
<database>MyDatabase</database>
<annotation>COCO2017</annotation>
<image>flickr</image>
<flickrid>NULL</flickrid>
<annotator>1</annotator>
</source>
<owner>
<flickrid>NULL</flickrid>
<name>Label Studio</name>
</owner>
<size>
<width>390</width>
<height>280</height>
<depth>3</depth>
</size>
<segmented>0</segmented>
<object>
<name>Rotten</name>
<pose>Unspecified</pose>
<truncated>0</truncated>
<difficult>0</difficult>
<bndbox>
<xmin>113</xmin>
<ymin>47</ymin>
<xmax>272</xmax>
<ymax>213</ymax>
</bndbox>
</object>
</annotation>
