<?xml version="1.0" encoding="utf-8"?>
<annotation>
<folder>images</folder>
<filename>be4c2405-wicker-basket-fresh-organic-rotten-ugly-apples-close-up-spoiled-fruit_abYXsHW.jpg</filename>
<source>
<database>MyDatabase</database>
<annotation>COCO2017</annotation>
<image>flickr</image>
<flickrid>NULL</flickrid>
<annotator>1</annotator>
</source>
<owner>
<flickrid>NULL</flickrid>
<name>Label Studio</name>
</owner>
<size>
<width>800</width>
<height>530</height>
<depth>3</depth>
</size>
<segmented>0</segmented>
<object>
<name>Rotten</name>
<pose>Unspecified</pose>
<truncated>0</truncated>
<difficult>0</difficult>
<bndbox>
<xmin>266</xmin>
<ymin>82</ymin>
<xmax>564</xmax>
<ymax>342</ymax>
</bndbox>
</object>
<object>
<name>Rotten</name>
<pose>Unspecified</pose>
<truncated>0</truncated>
<difficult>0</difficult>
<bndbox>
<xmin>1</xmin>
<ymin>74</ymin>
<xmax>246</xmax>
<ymax>320</ymax>
</bndbox>
</object>
<object>
<name>Rotten</name>
<pose>Unspecified</pose>
<truncated>0</truncated>
<difficult>0</difficult>
<bndbox>
<xmin>580</xmin>
<ymin>57</ymin>
<xmax>791</xmax>
<ymax>387</ymax>
</bndbox>
</object>
</annotation>
