<?xml version="1.0" encoding="utf-8"?>
<annotation>
<folder>images</folder>
<filename>c8eb7fd2-half-spoiled-apple-white-background-pulp-spoiled-fruit-isolated-top-v_EP6hdgW.jpg</filename>
<source>
<database>MyDatabase</database>
<annotation>COCO2017</annotation>
<image>flickr</image>
<flickrid>NULL</flickrid>
<annotator>1</annotator>
</source>
<owner>
<flickrid>NULL</flickrid>
<name>Label Studio</name>
</owner>
<size>
<width>800</width>
<height>800</height>
<depth>3</depth>
</size>
<segmented>0</segmented>
<object>
<name>Rotten</name>
<pose>Unspecified</pose>
<truncated>0</truncated>
<difficult>0</difficult>
<bndbox>
<xmin>75</xmin>
<ymin>109</ymin>
<xmax>742</xmax>
<ymax>651</ymax>
</bndbox>
</object>
</annotation>
