<?xml version="1.0" encoding="utf-8"?>
<annotation>
<folder>images</folder>
<filename>d461d582-wrinkled-rotten-apple-isolated-white-background-close-up-rotten-apple_V8BX4Lc.jpg</filename>
<source>
<database>MyDatabase</database>
<annotation>COCO2017</annotation>
<image>flickr</image>
<flickrid>NULL</flickrid>
<annotator>1</annotator>
</source>
<owner>
<flickrid>NULL</flickrid>
<name>Label Studio</name>
</owner>
<size>
<width>800</width>
<height>494</height>
<depth>3</depth>
</size>
<segmented>0</segmented>
<object>
<name>Rotten</name>
<pose>Unspecified</pose>
<truncated>0</truncated>
<difficult>0</difficult>
<bndbox>
<xmin>51</xmin>
<ymin>100</ymin>
<xmax>401</xmax>
<ymax>452</ymax>
</bndbox>
</object>
<object>
<name>Fresh</name>
<pose>Unspecified</pose>
<truncated>0</truncated>
<difficult>0</difficult>
<bndbox>
<xmin>421</xmin>
<ymin>33</ymin>
<xmax>748</xmax>
<ymax>434</ymax>
</bndbox>
</object>
</annotation>
