<?xml version="1.0" encoding="utf-8"?>
<annotation>
<folder>images</folder>
<filename>dafa00d6-apple-fruit-1000x1000.webp</filename>
<source>
<database>MyDatabase</database>
<annotation>COCO2017</annotation>
<image>flickr</image>
<flickrid>NULL</flickrid>
<annotator>1</annotator>
</source>
<owner>
<flickrid>NULL</flickrid>
<name>Label Studio</name>
</owner>
<size>
<width>528</width>
<height>350</height>
<depth>3</depth>
</size>
<segmented>0</segmented>
<object>
<name>Fresh</name>
<pose>Unspecified</pose>
<truncated>0</truncated>
<difficult>0</difficult>
<bndbox>
<xmin>95</xmin>
<ymin>30</ymin>
<xmax>461</xmax>
<ymax>343</ymax>
</bndbox>
</object>
</annotation>
