<?xml version="1.0" encoding="utf-8"?>
<annotation>
<folder>images</folder>
<filename>e597eb59-rotten-apple.png</filename>
<source>
<database>MyDatabase</database>
<annotation>COCO2017</annotation>
<image>flickr</image>
<flickrid>NULL</flickrid>
<annotator>1</annotator>
</source>
<owner>
<flickrid>NULL</flickrid>
<name>Label Studio</name>
</owner>
<size>
<width>1200</width>
<height>675</height>
<depth>1</depth>
</size>
<segmented>0</segmented>
<object>
<name>Rotten</name>
<pose>Unspecified</pose>
<truncated>0</truncated>
<difficult>0</difficult>
<bndbox>
<xmin>252</xmin>
<ymin>8</ymin>
<xmax>913</xmax>
<ymax>656</ymax>
</bndbox>
</object>
</annotation>
