<?xml version="1.0" encoding="utf-8"?>
<annotation>
<folder>images</folder>
<filename>eb653671-fresh-rotten-apple-next-to-each-other-60939678.jpg</filename>
<source>
<database>MyDatabase</database>
<annotation>COCO2017</annotation>
<image>flickr</image>
<flickrid>NULL</flickrid>
<annotator>1</annotator>
</source>
<owner>
<flickrid>NULL</flickrid>
<name>Label Studio</name>
</owner>
<size>
<width>1300</width>
<height>957</height>
<depth>3</depth>
</size>
<segmented>0</segmented>
<object>
<name>Rotten</name>
<pose>Unspecified</pose>
<truncated>0</truncated>
<difficult>0</difficult>
<bndbox>
<xmin>636</xmin>
<ymin>247</ymin>
<xmax>1190</xmax>
<ymax>733</ymax>
</bndbox>
</object>
<object>
<name>Fresh</name>
<pose>Unspecified</pose>
<truncated>0</truncated>
<difficult>0</difficult>
<bndbox>
<xmin>114</xmin>
<ymin>251</ymin>
<xmax>670</xmax>
<ymax>731</ymax>
</bndbox>
</object>
</annotation>
