<?xml version="1.0" encoding="utf-8"?>
<annotation>
<folder>images</folder>
<filename>f81a1ee5-onr-rotten-spoiled-ripened-apple-and-one-ripe-apple-on-a-white-backgr_WLVo5wq.png</filename>
<source>
<database>MyDatabase</database>
<annotation>COCO2017</annotation>
<image>flickr</image>
<flickrid>NULL</flickrid>
<annotator>1</annotator>
</source>
<owner>
<flickrid>NULL</flickrid>
<name>Label Studio</name>
</owner>
<size>
<width>400</width>
<height>239</height>
<depth>3</depth>
</size>
<segmented>0</segmented>
<object>
<name>Fresh</name>
<pose>Unspecified</pose>
<truncated>0</truncated>
<difficult>0</difficult>
<bndbox>
<xmin>5</xmin>
<ymin>43</ymin>
<xmax>188</xmax>
<ymax>206</ymax>
</bndbox>
</object>
<object>
<name>Rotten</name>
<pose>Unspecified</pose>
<truncated>0</truncated>
<difficult>0</difficult>
<bndbox>
<xmin>213</xmin>
<ymin>12</ymin>
<xmax>391</xmax>
<ymax>191</ymax>
</bndbox>
</object>
</annotation>
